-- phpMyAdmin SQL Dump
-- version 4.6.1
-- http://www.phpmyadmin.net
--
-- Host: localhost
-- Generation Time: Sep 25, 2016 at 06:51 PM
-- Server version: 5.6.28-76.1-beget-log
-- PHP Version: 5.6.23

SET SQL_MODE = "NO_AUTO_VALUE_ON_ZERO";
SET time_zone = "+00:00";


/*!40101 SET @OLD_CHARACTER_SET_CLIENT=@@CHARACTER_SET_CLIENT */;
/*!40101 SET @OLD_CHARACTER_SET_RESULTS=@@CHARACTER_SET_RESULTS */;
/*!40101 SET @OLD_COLLATION_CONNECTION=@@COLLATION_CONNECTION */;
/*!40101 SET NAMES utf8mb4 */;

--
-- Database: `spoilichek_sushi`
--

-- --------------------------------------------------------

--
-- Table structure for table `card`
--
-- Creation: Sep 21, 2016 at 02:39 AM
--

DROP TABLE IF EXISTS `card`;
CREATE TABLE `card` (
  `id` int(11) NOT NULL,
  `number` int(11) NOT NULL,
  `sale_count` int(11) NOT NULL,
  `etc` int(11) NOT NULL
) ENGINE=InnoDB DEFAULT CHARSET=utf8;

--
-- Dumping data for table `card`
--

INSERT INTO `card` (`id`, `number`, `sale_count`, `etc`) VALUES
(1, 123456, 10, 0),
(2, 234567, 20, 0);

-- --------------------------------------------------------

--
-- Table structure for table `category`
--
-- Creation: Sep 21, 2016 at 02:39 AM
--

DROP TABLE IF EXISTS `category`;
CREATE TABLE `category` (
  `id` int(11) NOT NULL,
  `name` varchar(255) NOT NULL,
  `sort_order` int(11) NOT NULL DEFAULT '0',
  `status` int(11) NOT NULL DEFAULT '1'
) ENGINE=InnoDB DEFAULT CHARSET=utf8;

--
-- Dumping data for table `category`
--

INSERT INTO `category` (`id`, `name`, `sort_order`, `status`) VALUES
(1, 'Суши', 1, 1),
(2, 'Инари суши', 2, 1),
(3, 'Роллы', 3, 1),
(4, 'Горячие роллы', 4, 1),
(5, 'Сеты', 5, 1),
(6, 'Гунканы', 6, 1),
(7, 'Закуски', 7, 1),
(8, 'Пицца', 8, 1),
(9, 'Напитки', 9, 1);

-- --------------------------------------------------------

--
-- Table structure for table `product`
--
-- Creation: Sep 21, 2016 at 02:39 AM
--

DROP TABLE IF EXISTS `product`;
CREATE TABLE `product` (
  `id` int(11) NOT NULL,
  `name` varchar(255) NOT NULL,
  `category_id` int(11) NOT NULL,
  `size` int(11) NOT NULL,
  `code` int(11) NOT NULL,
  `price` float NOT NULL,
  `availability` int(11) NOT NULL,
  `brand` varchar(255) NOT NULL,
  `image` varchar(255) NOT NULL,
  `description` text NOT NULL,
  `is_new` int(11) NOT NULL DEFAULT '0',
  `is_recommended` int(11) NOT NULL DEFAULT '0',
  `status` int(11) NOT NULL DEFAULT '1',
  `product_type` varchar(255) NOT NULL DEFAULT '1'
) ENGINE=InnoDB DEFAULT CHARSET=utf8;

--
-- Dumping data for table `product`
--

INSERT INTO `product` (`id`, `name`, `category_id`, `size`, `code`, `price`, `availability`, `brand`, `image`, `description`, `is_new`, `is_recommended`, `status`, `product_type`) VALUES
(1, 'ролл с огурцом', 3, 120, 0, 80, 1, '', '', '', 0, 0, 1, 'roll'),
(2, 'ролл с угрем', 3, 120, 0, 110, 1, '', '', '', 0, 0, 1, 'roll'),
(3, 'Ролл со сливочным сыром', 3, 120, 0, 100, 1, '', '', '', 0, 0, 1, 'roll'),
(4, 'Ролл с тигровой креветкой', 3, 120, 0, 110, 1, '', '', '', 0, 0, 1, 'roll'),
(5, 'Ролл со снежным крабом', 3, 120, 0, 90, 1, '', '', '', 0, 0, 1, 'roll'),
(6, 'Ролл с лососем и сливочным сыром', 3, 120, 0, 120, 1, '', '', '', 0, 0, 1, 'roll'),
(7, 'Ролл с лососем ', 3, 120, 0, 100, 1, '', '', '', 0, 0, 1, 'roll'),
(8, 'Ролл с икрой летучей рыбы', 3, 110, 0, 90, 1, '', '', '', 0, 0, 1, 'roll'),
(9, 'Ролл с болгарским перцем', 3, 120, 0, 80, 1, '', '', '', 0, 0, 1, 'roll'),
(10, 'Ролл с копченым лососем', 3, 120, 0, 110, 1, '', '', '', 0, 0, 1, 'roll'),
(11, 'Ролл с лососем и огурцом', 3, 120, 0, 110, 1, '', '', '', 0, 0, 1, 'roll'),
(12, 'Ролл филадельфия', 3, 240, 0, 210, 1, '', '', 'Сливочный сыр, огурец, лосось', 0, 0, 1, 'roll'),
(13, 'Ролл филадельфия лайт', 3, 250, 0, 220, 1, '', '', 'Сливочный сыр, лосось', 0, 0, 1, 'roll'),
(14, 'Ролл филадельфия премиум', 3, 240, 0, 260, 1, '', '', 'Сливочный сыр, огурец, копченый угорь, лосось', 0, 0, 1, 'roll'),
(15, 'Ролл калифорния с лососем', 3, 220, 0, 240, 1, '', '', 'Японский майонез, огурец, лосось, икра летучей рыбы', 0, 0, 1, 'roll'),
(16, 'Ролл калифорния с курицей', 3, 220, 0, 230, 1, '', '', 'Японский майонез, огурец, куриное филе, икра летучей рыбы', 0, 0, 1, 'roll'),
(17, 'Ролл калифорния с креветкой', 3, 220, 0, 250, 1, '', '', 'Японский майонез, огурец, тигровые креветки, икра летучей рыбы', 0, 0, 1, 'roll'),
(18, 'Ролл калифорния со снежным крабом', 3, 220, 0, 230, 1, '', '', 'Японский майонез, огурец, снежный краб, икра летучей рыбы', 0, 0, 1, 'roll'),
(19, 'Бекон ролл', 3, 240, 0, 230, 1, '', '', 'Сливочный сыр, огурец, болгарский перец, бекон', 0, 0, 1, 'roll'),
(20, 'Дракон ролл', 3, 240, 0, 260, 1, '', '', 'Сливочный сыр, копченый угорь, огурец, икра летучей рыбы, стружка тунца', 0, 0, 1, 'roll'),
(21, 'Окинава ролл', 3, 240, 0, 240, 1, '', '', 'Сливочный ыр, тигровые креветки, огурец, икра летучей рыбы', 0, 0, 1, 'roll'),
(22, 'Канада ролл ', 3, 240, 0, 280, 1, '', '', 'Сливочный сыр, огурец,лосось,копченый угорь,соус унаги кунжут', 0, 0, 1, 'roll'),
(23, 'Ролл самурай', 3, 240, 0, 240, 1, '', '', 'Сливочный сыр, огурец, икра летучей рыбы, тигровые креветки', 0, 0, 1, 'roll'),
(24, 'Ролл мексиканский', 3, 220, 0, 250, 1, '', '', 'Тигровые креветки , огурец, соус спайси, икра летучей рыбы', 0, 0, 1, 'roll'),
(25, 'Чикен ролл ', 3, 240, 0, 240, 1, '', '', 'Сливочный сыр , куриное филе, огурец , икра летучей рыбы', 0, 0, 1, 'roll'),
(26, 'Ролл кайши', 3, 240, 0, 240, 1, '', '', 'Сливочный сыр, копченый угорь, салат чукка, кунжут', 0, 0, 1, 'roll'),
(27, 'Отори ролл', 3, 220, 0, 230, 1, '', '', 'Лосось, огурец ,икра летучей рыбы, стружка тунца', 0, 0, 1, 'roll'),
(28, 'Ролл текка сливочный', 3, 240, 0, 240, 1, '', '', 'Сливочный сыр, огурец,копченный лосось, кунжут', 0, 0, 1, 'roll'),
(29, 'вегетарианский ролл', 3, 220, 0, 250, 1, '', '', 'Соус цезарь,салат айсберг, огурец, болгарский перец , томат', 0, 0, 1, 'roll'),
(30, 'ролл к пиву', 3, 240, 0, 250, 1, '', '', 'Сливочный сыр ,болгарский епрец, копченный лосось, бекон', 0, 0, 1, 'roll'),
(31, 'ролл бонито', 3, 240, 0, 240, 1, '', '', 'Сливочный сыр, куриное филе , икра летучей рыбы, стружка тунца', 0, 0, 1, 'roll'),
(32, 'Ролл цезарь с курицей', 3, 240, 0, 250, 1, '', '', 'Соус цезарь ,куриное филе,салат айсберг, томат, кунжут,сыр пармезан', 0, 0, 1, 'roll'),
(33, 'Ролл панинеро', 3, 240, 0, 230, 1, '', '', 'Сливочны сыр, куриное филе, болгарский перец, стружка тунца ', 0, 0, 1, 'roll'),
(34, 'Ролл лосось сливочный', 3, 240, 0, 230, 1, '', '', 'Сливочный сыр, огурец, лосось, кунжут ', 0, 0, 1, 'roll'),
(35, 'Мамэ ролл с лососем', 3, 240, 0, 250, 1, '', '', 'Мамэ нори, сливочный сыр,огурец,лосось,икра летучей рыбы', 0, 0, 1, 'roll'),
(36, 'Ролл дуэт', 3, 240, 0, 240, 1, '', '', 'Сливочный сыр, огурец, лосось, копченый угорь', 0, 0, 1, 'roll'),
(37, 'Овощной ролл', 3, 220, 0, 200, 1, '', '', 'болгарский перец, огурец, салат айсберг', 0, 0, 1, 'roll'),
(38, 'Ролл угорь сливочный', 3, 240, 0, 240, 1, '', '', 'Сливочный сыр, огурец, копченый угорь, кунжут', 0, 0, 1, 'roll'),
(39, 'Гункан с копченым лососем', 6, 50, 0, 50, 1, '', '', '', 0, 0, 1, 'roll'),
(40, 'Гункан с лососем', 6, 50, 0, 50, 1, '', '', '', 0, 0, 1, 'roll'),
(41, 'Гункан с копченым угрем', 6, 50, 0, 50, 1, '', '', '', 0, 0, 1, 'roll'),
(42, 'Гункан со снежным крабом', 6, 50, 0, 50, 1, '', '', '', 0, 0, 1, 'roll'),
(43, 'Гункан с салатом чукка', 6, 50, 0, 50, 1, '', '', '', 0, 0, 1, 'roll'),
(44, 'Гункан с тигровой креветкой', 6, 50, 0, 50, 1, '', '', '', 0, 0, 1, 'roll'),
(45, 'Гункан с тигровой креветкой спайси', 6, 50, 0, 50, 1, '', '', '', 0, 0, 1, 'roll'),
(46, 'Гункан со сливочным сыром', 6, 50, 0, 50, 1, '', '', '', 0, 0, 1, 'roll'),
(47, 'гунканс икрой летучей рыбы', 6, 50, 0, 50, 1, '', '', '', 0, 0, 1, 'roll'),
(48, 'Гункан с лососем спайси', 6, 50, 0, 50, 1, '', '', '', 0, 0, 1, 'roll'),
(49, 'Инари темпура Ролл', 4, 250, 0, 250, 1, '', '', 'Сливочный сыр, инари, икра летучей рыбы', 0, 0, 1, 'roll'),
(50, 'хаманиши ролл', 4, 250, 0, 290, 1, '', '', 'Сливочный сыр, копченый угорь,огурец лосось', 0, 0, 1, 'roll'),
(51, 'Темпура Ролл ', 4, 230, 0, 260, 1, '', '', 'Японский майонез, огурец,лосось,тигровые креветки', 0, 0, 1, 'roll'),
(52, 'Охиро ролл', 4, 240, 0, 280, 1, '', '', 'Сливочный сыр,огурец,тигровые реветки,копченый лосось', 0, 0, 1, 'roll'),
(53, 'Сяке темпура', 4, 150, 0, 200, 1, '', '', 'Сливочный сыр, огурец, лосось', 0, 0, 1, 'roll'),
(54, 'Ролл кани хот', 4, 200, 0, 220, 1, '', '', 'Снежный краб , огурец, икра летучей рыбы', 0, 0, 1, 'roll'),
(55, 'Ролл кайзен', 4, 220, 0, 250, 1, '', '', 'Сливочный сыр, огурец, копченый лосось,бекон', 0, 0, 1, 'roll'),
(56, 'Ролл канадский хот', 4, 220, 0, 250, 1, '', '', 'Соус спайси,копченый угорь,огурец,лосось', 0, 0, 1, 'roll'),
(57, 'Ролл чикен бекон', 4, 220, 0, 240, 1, '', '', 'Японский майонез, салат айсберг, огурец, куриное филе, бекон', 0, 0, 1, 'roll'),
(58, 'суши с лососем', 1, 50, 0, 60, 1, '', '', '', 0, 0, 1, 'roll'),
(59, 'суши с тигровой креветкой', 1, 50, 0, 60, 1, '', '', '', 0, 0, 1, 'roll'),
(60, 'суши с копченым угрем', 1, 50, 0, 60, 1, '', '', '', 0, 0, 1, 'roll'),
(61, 'суши с копченым лососем', 1, 50, 0, 60, 1, '', '', '', 0, 0, 1, 'roll'),
(62, 'С тигровой креветкой', 2, 70, 0, 80, 1, '', '', 'Огурец,тигровая креветка, японский майонез', 0, 0, 1, 'roll'),
(63, 'С лососем', 2, 70, 0, 80, 1, '', '', 'Огурец,лосось , японский майонез', 0, 0, 1, 'roll'),
(64, 'Со снежным крабом', 2, 70, 0, 80, 1, '', '', 'Огурец,снежный краб , японский майонез', 0, 0, 1, 'roll'),
(65, 'С копченым угрем', 2, 70, 0, 80, 1, '', '', 'Огурец,копченый угорь , японский майонез', 0, 0, 1, 'roll'),
(66, 'С копченым лососем', 2, 70, 0, 80, 1, '', '', 'Огурец, копченый лосось, японский майонез', 0, 0, 1, 'roll'),
(67, 'С беконом', 2, 70, 0, 80, 1, '', '', 'Огурец, бекон, японский майонез', 0, 0, 1, 'roll'),
(68, 'Хот сет', 5, 1000, 0, 860, 1, '', '', 'Ролл инари темура, Ролл хаманиши,Ролл сяке темпура Ролл кани хот', 0, 0, 1, 'roll'),
(69, 'Сет дуэт', 5, 800, 0, 620, 1, '', '', 'Ролл калифорния с лососем,Ролл дуэт, Ролл филадельфия', 0, 0, 1, 'roll'),
(70, 'Сет класический', 5, 700, 0, 420, 1, '', '', 'Ролл с огурцом,Ролл с лососем, Ролл с болгарским перцем,ролл с копченым угрем,Ролл со сливочным сыром', 0, 0, 1, 'roll'),
(71, 'Сет острый', 5, 1100, 0, 610, 1, '', '', 'Ролл мексиканский пицца спайси 30 см, Инари суши с копченым лососем спайси, гункан с тигровой креветкой спайси', 0, 0, 1, 'roll'),
(72, 'Сет 64 радости', 5, 1200, 0, 1530, 1, '', '', 'Ролл калифорния со снежным крабом, отори ролл, Ролл к пиву, Ролл сливочный лосось, Ролл самурай, ролл филадельфия лайт, ролл с лососем и огурцом ролл сякетемпура', 0, 0, 1, 'roll'),
(73, 'Вегетарианский сет', 5, 1400, 0, 820, 1, '', '', 'Овощной ролл Вегетарианский ролл, Ролл с огурцом, гункан с салатом чука, гункан с икрой летучей рыбы,Пицца легкая 30 см', 0, 0, 1, 'roll'),
(74, 'Суши сет', 5, 500, 0, 430, 1, '', '', 'Суши с лососем, суши с тигровой креветкой,суши с копченым угрем. Суши с копченым лососем,Инари суши с тигровой креветкой, Инари суши с лососем, Инари суши с копченым угрем', 0, 0, 1, 'roll'),
(75, 'Сет нежность', 5, 1200, 0, 930, 1, '', '', 'Ролл тека сливочный,ролл угорьсливочный, ролл эби сливочный, ролл лосось сливочный,ролл со сливочным сыром', 0, 0, 1, 'roll'),
(76, 'Сет филадельфия', 5, 850, 0, 620, 1, '', '', 'Ролл филадельфия, ролл филадельфия лайт,Ролл филадельфия премиум', 0, 0, 1, 'roll'),
(77, 'Сет премиум', 5, 1550, 0, 1200, 1, '', '', 'Ролл филадельфия, ролл филадельфия лайт, ролл калифорния с лососем, ролл тека сливочный,Ролл бонито, ролл с огурцом, ролл с лососем', 0, 0, 1, 'roll'),
(78, 'Пепперони', 8, 30, 0, 250, 1, '', '', 'Томатный соус, пепирони, сыр моцарелла', 0, 0, 1, 'pizza'),
(79, 'Пепперони', 8, 35, 0, 350, 1, '', '', 'Томатный соус, пепирони, сыр моцарелла', 0, 0, 1, 'pizza'),
(80, 'Гавайская', 8, 30, 0, 300, 1, '', '', 'Томатный соус,курица,ананасы, сыр моцарелла', 0, 0, 1, 'pizza'),
(81, 'Гавайская', 8, 35, 0, 400, 1, '', '', 'Томатный соус,курица,ананасы, сыр моцарелла', 0, 0, 1, 'pizza'),
(82, 'Итальянская', 8, 30, 0, 300, 1, '', '', 'Томатный соус, пеперони, ветчина,шампиньены, маслины, томаты, сыр моцарелла', 0, 0, 1, 'pizza'),
(83, 'Итальянская', 8, 35, 0, 400, 1, '', '', 'Томатный соус, пеперони, ветчина,шампиньены, маслины, томаты, сыр моцарелла', 0, 0, 1, 'pizza'),
(84, 'мясная', 8, 30, 0, 300, 1, '', '', 'Томатный соус,ветчина,пеперони ,бекон,сыр моцарелла', 0, 0, 1, 'pizza'),
(85, 'мясная', 8, 35, 0, 400, 1, '', '', 'Томатный соус,ветчина,пеперони ,бекон,сыр моцарелла', 0, 0, 1, 'pizza'),
(86, 'маргарита', 8, 30, 0, 250, 1, '', '', 'Томатный соус,сыр моцарелла,томаты', 0, 0, 1, 'pizza'),
(87, 'маргарита', 8, 35, 0, 350, 1, '', '', 'Томатный соус,сыр моцарелла,томаты', 0, 0, 1, 'pizza'),
(88, 'Чизбургер', 8, 30, 0, 300, 1, '', '', 'Сырный соус, ветчина,бекон, лук,томамты,корнишоны, сыр моцарелла', 0, 0, 1, 'pizza'),
(89, 'Чизбургер', 8, 35, 0, 400, 1, '', '', 'Сырный соус, ветчина,бекон, лук,томамты,корнишоны, сыр моцарелла', 0, 0, 1, 'pizza'),
(90, 'Куриная на сырном соусе', 8, 30, 0, 300, 1, '', '', 'Сырный соус,куриное филе,бекон,томаты,сыр моцарелла', 0, 0, 1, 'pizza'),
(91, 'Куриная на сырном соусе', 8, 35, 0, 400, 1, '', '', 'Сырный соус,куриное филе,бекон,томаты,сыр моцарелла', 0, 0, 1, 'pizza'),
(92, 'Средиземноморская', 8, 30, 0, 350, 1, '', '', 'Томатный соус, тигровые креветки, кальмары, осминоги,лук,томамты,маслины,сыр моцарелла', 0, 0, 1, 'pizza'),
(93, 'Средиземноморская', 8, 35, 0, 450, 1, '', '', 'Томатный соус, тигровые креветки, кальмары, осминоги,лук,томамты,маслины,сыр моцарелла', 0, 0, 1, 'pizza'),
(94, 'Сырная', 8, 30, 0, 250, 1, '', '', 'Сырный соус,сыр моцарелла, кунжут', 0, 0, 1, 'pizza'),
(95, 'Сырная', 8, 35, 0, 350, 1, '', '', 'Сырный соус,сыр моцарелла, кунжут', 0, 0, 1, 'pizza'),
(96, 'жульен', 8, 30, 0, 300, 1, '', '', 'Грибной соус, куриное филе,шампиньоны, сыр моцарелла', 0, 0, 1, 'pizza'),
(97, 'жульен', 8, 35, 0, 400, 1, '', '', 'Грибной соус, куриное филе,шампиньоны, сыр моцарелла', 0, 0, 1, 'pizza'),
(98, '3 сыра', 8, 30, 0, 300, 1, '', '', 'Сырный соус, сыр моцарелла,сыр сливочный,сыр пармезан', 0, 0, 1, 'pizza'),
(99, '3 сыра', 8, 35, 0, 400, 1, '', '', 'Сырный соус, сыр моцарелла,сыр сливочный,сыр пармезан', 0, 0, 1, 'pizza'),
(100, 'Времена года', 8, 30, 0, 300, 1, '', '', 'Чесночный соус,ветчина ,грибы, ппеперони , куриное филе,сыр моцарелла', 0, 0, 1, 'pizza'),
(101, 'Времена года', 8, 35, 0, 400, 1, '', '', 'Чесночный соус,ветчина ,грибы, ппеперони , куриное филе,сыр моцарелла', 0, 0, 1, 'pizza'),
(102, 'Шитаке', 8, 30, 0, 300, 1, '', '', 'Грибной соус , грибы шитаке, ветчина,сыр моцарелла ', 0, 0, 1, 'pizza'),
(103, 'Шитаке', 8, 35, 0, 400, 1, '', '', 'Грибной соус , грибы шитаке, ветчина,сыр моцарелла ', 0, 0, 1, 'pizza'),
(104, 'Ассорти', 8, 30, 0, 300, 1, '', '', 'Томатный соус,чесночный соус,пепперони,ветчина, бекон,шампиньоны,сыр моцарелла', 0, 0, 1, 'pizza'),
(105, 'Ассорти', 8, 35, 0, 400, 1, '', '', 'Томатный соус,чесночный соус,пепперони,ветчина, бекон,шампиньоны,сыр моцарелла', 0, 0, 1, 'pizza'),
(106, 'Филадельфия', 8, 30, 0, 350, 1, '', '', 'Чесночный соус, сливочный сыр,лосось,сыр моцарелла', 0, 0, 1, 'pizza'),
(107, 'Филадельфия', 8, 35, 0, 450, 1, '', '', 'Чесночный соус, сливочный сыр,лосось,сыр моцарелла', 0, 0, 1, 'pizza'),
(108, 'Утренняя', 8, 30, 0, 250, 1, '', '', 'Томатный соус, перепелиные яйца,сыр моцарелла', 0, 0, 1, 'pizza'),
(109, 'Утренняя', 8, 35, 0, 350, 1, '', '', 'Томатный соус, перепелиные яйца,сыр моцарелла', 0, 0, 1, 'pizza'),
(110, 'Легкая', 8, 30, 0, 300, 1, '', '', 'Томатный соус, шампиньоны,лук,томаты,болгарский перец,маслины,сыр моцарелла', 0, 0, 1, 'pizza'),
(111, 'Легкая', 8, 35, 0, 400, 1, '', '', 'Томатный соус, шампиньоны,лук,томаты,болгарский перец,маслины,сыр моцарелла', 0, 0, 1, 'pizza'),
(112, 'Спайси', 8, 30, 0, 300, 1, '', '', 'Острый соус ,куриноефиле, шампиньоны, лук,сыр моцарелла', 0, 0, 1, 'pizza'),
(113, 'Спайси', 8, 35, 0, 400, 1, '', '', 'Острый соус ,куриноефиле, шампиньоны, лук,сыр моцарелла', 0, 0, 1, 'pizza');

-- --------------------------------------------------------

--
-- Table structure for table `product_order`
--
-- Creation: Sep 18, 2016 at 09:22 PM
-- Last update: Sep 21, 2016 at 12:05 PM
-- Last check: Sep 21, 2016 at 02:39 AM
--

DROP TABLE IF EXISTS `product_order`;
CREATE TABLE `product_order` (
  `id` int(11) NOT NULL,
  `user_name` varchar(255) NOT NULL,
  `user_surname` varchar(255) NOT NULL,
  `user_adress` text NOT NULL,
  `user_phone` varchar(255) NOT NULL,
  `user_comment` text NOT NULL,
  `user_adressdop` text NOT NULL,
  `date` timestamp NOT NULL DEFAULT CURRENT_TIMESTAMP,
  `products` text NOT NULL,
  `user_paymethod` varchar(255) NOT NULL,
  `user_ordernumber` int(11) NOT NULL,
  `user_orderstatus` int(11) NOT NULL DEFAULT '1',
  `order_summ` int(11) NOT NULL,
  `is_active` int(11) NOT NULL,
  `admin_comment` text NOT NULL,
  `del_comment` text NOT NULL
) ENGINE=MyISAM DEFAULT CHARSET=utf8;

--
-- Dumping data for table `product_order`
--

INSERT INTO `product_order` (`id`, `user_name`, `user_surname`, `user_adress`, `user_phone`, `user_comment`, `user_adressdop`, `date`, `products`, `user_paymethod`, `user_ordernumber`, `user_orderstatus`, `order_summ`, `is_active`, `admin_comment`, `del_comment`) VALUES
(58, 'admin', 'Er', 'rer', 'er', '234234234234', '34234234', '2016-09-18 05:29:16', '{"1":2,"62":4,"64":5,"65":3}', 'Банковской картой', 30455, 2, 1520, 1, '', ''),
(57, 'VITALY', 'EMELYANOV', 'Георгия Димитрова 67-23', '89610832317', 'Комментарий к заказу', 'Георгия Димитрова 67-23', '2016-09-15 18:20:21', '{"51":9,"59":13,"63":11,"64":12,"65":10,"68":4}', 'Qiwi', 3108, 2, 9460, 1, '', ''),
(59, 'виталий', 'емельянов', 'оломоутская', '89626025414', 'комментарий', 'Оломоутская 121222', '2016-09-18 08:49:53', '{"60":8,"69":3,"81":5}', 'Webmoney', 38954, 5, 860, 1, '', ''),
(60, 'имя клиента', 'фамилия клиента', 'адрес клиента', 'телефон клиента', 'комментарий к заказу', '', '2016-09-18 19:40:12', '{"41":11,"58":1,"63":5,"65":4,"70":5,"71":3,"85":7,"102":7}', 'Qiwi', 6528, 5, 10160, 0, '', ''),
(61, 'admin', 'eddfedfsf', 'fsefsefsefsef', 'sfsefsef', 'sefsefseffsef', '', '2016-09-19 06:15:49', '{"63":1,"69":3}', 'Яндекс деньги', 34286, 2, 1940, 0, '', ''),
(62, 'admin', 'ijoiuhhjoui', '6789688ouhoi', '788890jiojio', '', '', '2016-09-19 06:23:06', '{"58":1,"60":1,"2":3}', 'Наличными курьеру', 21623, 1, 450, 0, '', ''),
(63, 'admin', 'ggjhgjhgj', 'jhfjhjf', '7897979', '', '', '2016-09-19 06:24:01', '{"60":1,"61":1,"1":2,"2":1,"83":1,"58":1}', 'Наличными курьеру', 2156, 1, 850, 0, '', ''),
(64, 'олег', 'Михайленко', 'самарская 23', '89879190157', '', 'самарская 23', '2016-09-19 06:26:52', '{"58":1,"59":1,"68":1,"79":1,"81":1}', 'Наличными курьеру', 19543, 5, 1730, 0, '', ''),
(65, 'admin', 'шппоро', 'нлрпорп', '1212121313', '', '', '2016-09-21 12:02:23', '{"58":2,"59":2,"60":2,"80":2}', 'Наличными курьеру', 37747, 5, 960, 0, '', '');

-- --------------------------------------------------------

--
-- Table structure for table `user`
--
-- Creation: Sep 21, 2016 at 02:39 AM
--

DROP TABLE IF EXISTS `user`;
CREATE TABLE `user` (
  `id` int(11) NOT NULL,
  `login` varchar(255) NOT NULL,
  `name` varchar(255) NOT NULL,
  `surname` varchar(255) NOT NULL,
  `phone` varchar(11) NOT NULL,
  `email` varchar(255) NOT NULL,
  `password` varchar(255) NOT NULL,
  `role` varchar(50) NOT NULL,
  `is_verified` int(11) NOT NULL
) ENGINE=InnoDB DEFAULT CHARSET=utf8;

--
-- Dumping data for table `user`
--

INSERT INTO `user` (`id`, `login`, `name`, `surname`, `phone`, `email`, `password`, `role`, `is_verified`) VALUES
(3, '', 'Александр', '', '', 'alex@mail.com', '111111', '', 0),
(4, '', 'Виктор Зинченко', '', '', 'zinchenko.us@gmail.com', '222222', 'admin', 0),
(5, '', 'Сергей', '', '', 'serg@mail.com', '111111', '', 0),
(6, '', 'admin', '', '', 'admin@admin.com', 'admin', 'admin', 0),
(7, 'evilless', 'evilless', 'evilless', 'evilless', 'evilless@ev.ru', 'evilless', '', 0),
(8, 'evilless1', 'evilless1', 'evilless1', 'evilless1', 'evilless1', 'evilless1', '', 0),
(9, 'admin3', 'admin3', 'admin3', 'admin3', 'admin3', 'admin3', '', 0),
(10, 'admin4', 'admin4', 'admin4', 'admin4', 'admin4', 'admin4', '', 0),
(11, 'Login', 'Виталий', 'Емельянов', '89626025414', 'vitaliy030589@gmail.com', '12345', 'root', 0);

--
-- Indexes for dumped tables
--

--
-- Indexes for table `card`
--
ALTER TABLE `card`
  ADD PRIMARY KEY (`id`);

--
-- Indexes for table `category`
--
ALTER TABLE `category`
  ADD PRIMARY KEY (`id`);

--
-- Indexes for table `product`
--
ALTER TABLE `product`
  ADD PRIMARY KEY (`id`);

--
-- Indexes for table `product_order`
--
ALTER TABLE `product_order`
  ADD PRIMARY KEY (`id`);

--
-- Indexes for table `user`
--
ALTER TABLE `user`
  ADD PRIMARY KEY (`id`);

--
-- AUTO_INCREMENT for dumped tables
--

--
-- AUTO_INCREMENT for table `card`
--
ALTER TABLE `card`
  MODIFY `id` int(11) NOT NULL AUTO_INCREMENT, AUTO_INCREMENT=3;
--
-- AUTO_INCREMENT for table `category`
--
ALTER TABLE `category`
  MODIFY `id` int(11) NOT NULL AUTO_INCREMENT, AUTO_INCREMENT=10;
--
-- AUTO_INCREMENT for table `product`
--
ALTER TABLE `product`
  MODIFY `id` int(11) NOT NULL AUTO_INCREMENT, AUTO_INCREMENT=114;
--
-- AUTO_INCREMENT for table `product_order`
--
ALTER TABLE `product_order`
  MODIFY `id` int(11) NOT NULL AUTO_INCREMENT, AUTO_INCREMENT=66;
--
-- AUTO_INCREMENT for table `user`
--
ALTER TABLE `user`
  MODIFY `id` int(11) NOT NULL AUTO_INCREMENT, AUTO_INCREMENT=12;
/*!40101 SET CHARACTER_SET_CLIENT=@OLD_CHARACTER_SET_CLIENT */;
/*!40101 SET CHARACTER_SET_RESULTS=@OLD_CHARACTER_SET_RESULTS */;
/*!40101 SET COLLATION_CONNECTION=@OLD_COLLATION_CONNECTION */;
